{
  "train": {
    "batch_size": 4,
    "learning_rate": 2e-4,
    "max_epochs": 1000,
    "checkpoint_interval": 5,
    "log_interval": 50,
    "grad_accum_steps": 1,
    "num_workers": 2,
    "recon_weight": 1.0,
    "kl_weight": 0.1,
    "dur_weight": 0.1,
    "val_batch_size": 16
  },
  "model": {
    "hidden_channels": 192,
    "spk_embed_dim": 64,
    "n_layers": 6,
    "n_heads": 2,
    "use_sdp": true,
    "vocab_size": 100,
    "audio_channels": 80,
    "decoder_channels": 512,
    "upsample_rates": [8, 8, 2, 2],
    "upsample_kernel_sizes": [16, 16, 4, 4]
  },
  "data": {
    "training_files": "data/filelists/train.txt",
    "validation_files": "data/filelists/val.txt",
    "sampling_rate": 22050,
    "filter_length": 1024,
    "hop_length": 256,
    "win_length": 1024,
    "max_audio_length": null,
    "min_audio_length": 1.0,
    "use_phonemes": false,
    "lowercase": true
  },
  "checkpoint_dir": "checkpoints"
} 